ID_Venta,Producto,Cantidad,Precio_Unitario,Correo
1,,5,1778.86,cliente@gmail.com
2,Laptop HP,1,-58.47,
3,Monitor Dell,1,1031.15,
4,Mouse Logitech,-2,483.72,ventas@hotmail.com
5,Teclado Razer,0,624.99,ventas@hotmail.com
6,Teclado Razer,5,1519.73,NO_TIENE
7,,1,1191.94,correo_sin_arroba.com
8,Monitor Dell,3,1784.24,cliente@gmail.com
9,Teclado Razer,-2,407.44,correo_sin_arroba.com
10,,-2,790.65,NO_TIENE
11,Mouse Logitech,1,19.31,correo_sin_arroba.com
12,Laptop HP,1,752.79,correo_sin_arroba.com
13,Monitor Dell,1,1847.77,
14,,5,1898.71,correo_sin_arroba.com
15,Mouse Logitech,1,413.44,
16,Monitor Dell,1,520.12,
17,Mouse Logitech,0,923.88,cliente@gmail.com
18,Teclado Razer,1,49.9,ventas@hotmail.com
19,Monitor Dell,2,1990.06,ventas@hotmail.com
20,,0,1201.58,cliente@gmail.com
21,Monitor Dell,5,487.23,
22,,1,1387.02,cliente@gmail.com
23,Teclado Razer,-2,317.37,correo_sin_arroba.com
24,Mouse Logitech,1,-54.18,
25,Teclado Razer,0,260.17,correo_sin_arroba.com
26,Monitor Dell,2,1061.17,correo_sin_arroba.com
27,,3,1940.21,cliente@gmail.com
28,Mouse Logitech,1,1011.14,ventas@hotmail.com
29,,5,-89.32,NO_TIENE
30,Monitor Dell,0,578.4,ventas@hotmail.com
31,Teclado Razer,1,1843.19,NO_TIENE
32,Monitor Dell,1,1111.08,cliente@gmail.com
33,Mouse Logitech,2,125.65,ventas@hotmail.com
34,Monitor Dell,-2,1390.46,
35,Teclado Razer,1,228.06,ventas@hotmail.com
36,Teclado Razer,-2,446.97,cliente@gmail.com
37,Laptop HP,2,1148.11,correo_sin_arroba.com
38,Mouse Logitech,1,269.9,correo_sin_arroba.com
39,Laptop HP,5,750.59,ventas@hotmail.com
40,Mouse Logitech,3,533.56,
41,,1,1948.27,
42,,5,-12.98,NO_TIENE
43,,1,790.54,ventas@hotmail.com
44,,2,1045.26,
45,Mouse Logitech,-2,325.81,correo_sin_arroba.com
46,Monitor Dell,-2,1383.47,ventas@hotmail.com
47,Mouse Logitech,2,279.42,NO_TIENE
48,Mouse Logitech,1,776.04,NO_TIENE
49,Monitor Dell,-2,895.2,ventas@hotmail.com
50,Mouse Logitech,3,50.39,correo_sin_arroba.com
51,,3,129.42,cliente@gmail.com
52,Laptop HP,-2,1213.03,NO_TIENE
53,Laptop HP,5,1491.6,
54,Mouse Logitech,1,-23.82,cliente@gmail.com
55,Teclado Razer,5,242.54,correo_sin_arroba.com
56,,-2,1705.81,NO_TIENE
57,,1,379.97,ventas@hotmail.com
58,Laptop HP,2,636.28,correo_sin_arroba.com
59,Monitor Dell,0,680.56,
60,,2,1182.57,correo_sin_arroba.com
61,Monitor Dell,0,1433.05,ventas@hotmail.com
62,Monitor Dell,1,1424.82,cliente@gmail.com
63,Mouse Logitech,0,222.75,cliente@gmail.com
64,Teclado Razer,1,844.67,NO_TIENE
65,,-2,1069.46,ventas@hotmail.com
66,,5,1697.96,NO_TIENE
67,Laptop HP,3,1566.52,NO_TIENE
68,,3,1524.7,ventas@hotmail.com
69,Monitor Dell,-2,1498.22,NO_TIENE
70,,2,1706.07,cliente@gmail.com
71,Monitor Dell,-2,1033.7,
72,,3,1004.95,ventas@hotmail.com
73,Laptop HP,0,998.64,correo_sin_arroba.com
74,Monitor Dell,0,1645.83,
75,Mouse Logitech,2,1472.55,ventas@hotmail.com
76,Laptop HP,-2,1049.41,correo_sin_arroba.com
77,Monitor Dell,1,1717.83,ventas@hotmail.com
78,Mouse Logitech,3,1089.26,NO_TIENE
79,Laptop HP,3,481.35,
80,Laptop HP,1,1299.73,cliente@gmail.com
81,Teclado Razer,1,1392.11,ventas@hotmail.com
82,Laptop HP,3,-51.21,
83,,0,123.43,correo_sin_arroba.com
84,,1,1967.19,correo_sin_arroba.com
85,Teclado Razer,1,1209.74,correo_sin_arroba.com
86,Laptop HP,2,372.93,ventas@hotmail.com
87,Teclado Razer,1,1089.4,cliente@gmail.com
88,,0,259.39,cliente@gmail.com
89,Monitor Dell,2,726.92,
90,Laptop HP,5,1835.63,NO_TIENE
91,Teclado Razer,5,1790.67,NO_TIENE
92,Laptop HP,1,814.71,
93,Teclado Razer,-2,1641.26,correo_sin_arroba.com
94,Laptop HP,1,204.69,correo_sin_arroba.com
95,,1,867.43,
96,Monitor Dell,1,399.19,ventas@hotmail.com
97,Teclado Razer,1,1419.3,ventas@hotmail.com
98,,1,1090.52,NO_TIENE
99,Laptop HP,5,1392.8,NO_TIENE
100,Monitor Dell,0,1436.74,ventas@hotmail.com
101,Mouse Logitech,3,1841.1,ventas@hotmail.com
102,,3,329.13,
103,Teclado Razer,1,1557.88,
104,,0,852.77,cliente@gmail.com
105,Mouse Logitech,2,404.71,
106,Teclado Razer,3,1116.66,ventas@hotmail.com
107,Mouse Logitech,2,808.87,ventas@hotmail.com
108,Teclado Razer,5,1005.82,
109,Mouse Logitech,1,71.0,NO_TIENE
110,Teclado Razer,-2,1316.74,cliente@gmail.com
111,Monitor Dell,0,-77.27,ventas@hotmail.com
112,Monitor Dell,3,416.8,NO_TIENE
113,Mouse Logitech,3,999.35,
114,,3,820.42,ventas@hotmail.com
115,Teclado Razer,5,1228.77,NO_TIENE
116,Teclado Razer,5,788.66,ventas@hotmail.com
117,Mouse Logitech,1,369.28,NO_TIENE
118,,3,816.97,NO_TIENE
119,Laptop HP,0,463.67,correo_sin_arroba.com
120,Teclado Razer,5,1849.93,
121,,0,1281.86,ventas@hotmail.com
122,Monitor Dell,0,1689.01,NO_TIENE
123,Monitor Dell,3,1402.6,cliente@gmail.com
124,Mouse Logitech,0,840.64,ventas@hotmail.com
125,Monitor Dell,0,481.52,cliente@gmail.com
126,Teclado Razer,2,429.16,cliente@gmail.com
127,Laptop HP,-2,36.02,
128,Teclado Razer,1,1973.79,NO_TIENE
129,Laptop HP,5,1718.67,ventas@hotmail.com
130,Monitor Dell,-2,752.07,
131,Laptop HP,0,593.0,
132,Monitor Dell,0,50.46,NO_TIENE
133,,0,364.95,ventas@hotmail.com
134,Monitor Dell,1,1092.08,ventas@hotmail.com
135,Monitor Dell,-2,1560.07,cliente@gmail.com
136,Monitor Dell,-2,1976.54,NO_TIENE
137,Laptop HP,1,-36.17,NO_TIENE
138,Mouse Logitech,2,332.6,ventas@hotmail.com
139,,0,246.59,cliente@gmail.com
140,Monitor Dell,2,1311.04,ventas@hotmail.com
141,Mouse Logitech,1,452.64,correo_sin_arroba.com
142,Teclado Razer,2,321.31,ventas@hotmail.com
143,Laptop HP,5,-44.68,ventas@hotmail.com
144,Mouse Logitech,1,117.51,
145,Laptop HP,1,1061.94,cliente@gmail.com
146,,0,1470.3,ventas@hotmail.com
147,Teclado Razer,2,323.88,
148,Laptop HP,2,194.42,NO_TIENE
149,Teclado Razer,3,210.43,cliente@gmail.com
150,Mouse Logitech,5,55.54,
151,Monitor Dell,0,21.74,NO_TIENE
152,Monitor Dell,0,897.8,cliente@gmail.com
153,Monitor Dell,2,965.59,correo_sin_arroba.com
154,Teclado Razer,-2,418.92,NO_TIENE
155,Laptop HP,5,347.75,ventas@hotmail.com
156,Laptop HP,0,360.59,
157,Laptop HP,1,-44.99,cliente@gmail.com
158,Laptop HP,5,122.73,NO_TIENE
159,Laptop HP,5,1291.56,correo_sin_arroba.com
160,Teclado Razer,0,876.61,ventas@hotmail.com
161,Mouse Logitech,1,1190.02,NO_TIENE
162,,5,1013.49,ventas@hotmail.com
163,Monitor Dell,5,600.75,cliente@gmail.com
164,Mouse Logitech,1,761.09,ventas@hotmail.com
165,Laptop HP,-2,546.77,ventas@hotmail.com
166,Laptop HP,1,1277.77,correo_sin_arroba.com
167,Teclado Razer,-2,1000.64,NO_TIENE
168,Mouse Logitech,1,1805.6,cliente@gmail.com
169,Mouse Logitech,1,911.85,
170,,2,248.86,NO_TIENE
171,Laptop HP,1,408.73,NO_TIENE
172,Laptop HP,5,1315.09,correo_sin_arroba.com
173,Monitor Dell,1,113.25,NO_TIENE
174,Monitor Dell,1,1531.89,ventas@hotmail.com
175,,5,1497.35,cliente@gmail.com
176,Monitor Dell,1,267.76,
177,Laptop HP,1,1284.76,ventas@hotmail.com
178,Mouse Logitech,1,1970.47,correo_sin_arroba.com
179,Mouse Logitech,-2,483.73,correo_sin_arroba.com
180,Teclado Razer,1,900.61,
181,Mouse Logitech,3,1882.08,NO_TIENE
182,Mouse Logitech,1,577.57,ventas@hotmail.com
183,Laptop HP,2,866.21,cliente@gmail.com
184,Monitor Dell,1,-36.86,NO_TIENE
185,Teclado Razer,1,1677.04,NO_TIENE
186,,1,756.62,ventas@hotmail.com
187,Mouse Logitech,0,989.27,
188,Teclado Razer,1,1582.17,ventas@hotmail.com
189,Laptop HP,3,1673.63,cliente@gmail.com
190,Monitor Dell,0,1991.83,ventas@hotmail.com
191,Laptop HP,3,1741.72,correo_sin_arroba.com
192,Monitor Dell,0,-19.11,ventas@hotmail.com
193,Laptop HP,3,1781.2,cliente@gmail.com
194,Teclado Razer,0,1906.85,
195,Laptop HP,5,1021.65,ventas@hotmail.com
196,Mouse Logitech,5,1940.91,NO_TIENE
197,,0,370.59,cliente@gmail.com
198,Monitor Dell,-2,390.82,ventas@hotmail.com
199,Laptop HP,1,488.58,ventas@hotmail.com
200,Teclado Razer,-2,956.39,cliente@gmail.com
201,Teclado Razer,5,411.56,
202,Mouse Logitech,2,863.72,NO_TIENE
203,Laptop HP,1,547.05,correo_sin_arroba.com
204,,2,1802.56,
205,Mouse Logitech,3,782.64,
206,Laptop HP,1,1026.81,
207,Laptop HP,3,256.16,cliente@gmail.com
208,Mouse Logitech,2,1476.73,correo_sin_arroba.com
209,Monitor Dell,3,1307.96,cliente@gmail.com
210,Teclado Razer,5,872.07,correo_sin_arroba.com
211,Laptop HP,1,355.75,
212,Laptop HP,2,1866.39,NO_TIENE
213,Mouse Logitech,2,1203.58,correo_sin_arroba.com
214,Mouse Logitech,-2,1339.16,ventas@hotmail.com
215,Mouse Logitech,2,1812.52,ventas@hotmail.com
216,,3,917.82,correo_sin_arroba.com
217,Monitor Dell,1,335.47,cliente@gmail.com
218,Monitor Dell,-2,1395.52,
219,Teclado Razer,-2,1501.01,correo_sin_arroba.com
220,Mouse Logitech,1,410.43,ventas@hotmail.com
221,Laptop HP,0,381.78,correo_sin_arroba.com
222,Teclado Razer,1,1993.71,cliente@gmail.com
223,Monitor Dell,-2,1712.86,correo_sin_arroba.com
224,Laptop HP,1,1438.56,
225,Mouse Logitech,3,408.46,NO_TIENE
226,Laptop HP,5,672.37,cliente@gmail.com
227,Monitor Dell,5,1690.29,NO_TIENE
228,Laptop HP,1,888.34,ventas@hotmail.com
229,Mouse Logitech,1,104.19,correo_sin_arroba.com
230,Teclado Razer,3,192.89,NO_TIENE
231,Monitor Dell,2,788.48,cliente@gmail.com
232,Monitor Dell,1,1803.67,
233,Laptop HP,2,123.91,cliente@gmail.com
234,Monitor Dell,-2,1009.6,
235,Monitor Dell,3,1476.95,
236,Monitor Dell,-2,1370.9,cliente@gmail.com
237,Teclado Razer,1,1182.1,ventas@hotmail.com
238,Teclado Razer,5,1916.89,
239,Monitor Dell,0,1160.09,NO_TIENE
240,Monitor Dell,-2,1189.14,ventas@hotmail.com
241,,-2,683.93,cliente@gmail.com
242,Laptop HP,2,1147.98,
243,Mouse Logitech,5,1530.7,cliente@gmail.com
244,Monitor Dell,3,541.32,cliente@gmail.com
245,Laptop HP,3,976.16,cliente@gmail.com
246,Teclado Razer,0,616.95,NO_TIENE
247,Laptop HP,1,1294.51,cliente@gmail.com
248,Laptop HP,3,-56.88,NO_TIENE
249,,2,1140.48,ventas@hotmail.com
250,Mouse Logitech,1,1333.71,NO_TIENE
251,Mouse Logitech,1,1602.8,ventas@hotmail.com
252,Teclado Razer,-2,714.74,correo_sin_arroba.com
253,Teclado Razer,-2,464.84,NO_TIENE
254,Laptop HP,5,485.64,NO_TIENE
255,Teclado Razer,3,1776.42,correo_sin_arroba.com
256,Laptop HP,2,247.81,ventas@hotmail.com
257,Laptop HP,1,565.38,NO_TIENE
258,Teclado Razer,1,-64.62,NO_TIENE
259,,5,1007.27,
260,Teclado Razer,-2,856.7,NO_TIENE
261,Mouse Logitech,0,414.5,cliente@gmail.com
262,Laptop HP,3,1214.83,correo_sin_arroba.com
263,,5,425.39,NO_TIENE
264,Laptop HP,0,596.26,cliente@gmail.com
265,Laptop HP,5,1648.09,cliente@gmail.com
266,Laptop HP,1,1391.24,correo_sin_arroba.com
267,Monitor Dell,1,1894.35,ventas@hotmail.com
268,Monitor Dell,2,24.74,NO_TIENE
269,Monitor Dell,1,1421.93,correo_sin_arroba.com
270,,-2,1179.92,correo_sin_arroba.com
271,Monitor Dell,2,933.02,
272,Laptop HP,2,156.74,NO_TIENE
273,Teclado Razer,1,1232.83,ventas@hotmail.com
274,Teclado Razer,-2,356.08,NO_TIENE
275,,3,354.66,
276,Teclado Razer,5,982.07,correo_sin_arroba.com
277,Monitor Dell,2,801.0,correo_sin_arroba.com
278,Monitor Dell,1,590.61,NO_TIENE
279,Monitor Dell,5,1942.14,correo_sin_arroba.com
280,,0,389.9,
281,Mouse Logitech,3,952.3,ventas@hotmail.com
282,,0,784.23,ventas@hotmail.com
283,Mouse Logitech,-2,71.88,NO_TIENE
284,Mouse Logitech,0,1578.71,NO_TIENE
285,Mouse Logitech,1,1231.07,correo_sin_arroba.com
286,Laptop HP,0,1446.94,correo_sin_arroba.com
287,Teclado Razer,3,1220.3,cliente@gmail.com
288,Monitor Dell,1,1489.98,ventas@hotmail.com
289,Monitor Dell,1,196.38,ventas@hotmail.com
290,,2,1920.14,NO_TIENE
291,Teclado Razer,1,660.39,correo_sin_arroba.com
292,Laptop HP,2,109.02,cliente@gmail.com
293,Monitor Dell,3,1634.99,correo_sin_arroba.com
294,Laptop HP,1,1559.84,correo_sin_arroba.com
295,Mouse Logitech,3,1177.8,cliente@gmail.com
296,,1,189.98,correo_sin_arroba.com
297,,-2,398.77,ventas@hotmail.com
298,Mouse Logitech,3,285.97,correo_sin_arroba.com
299,Teclado Razer,0,15.22,correo_sin_arroba.com
300,Teclado Razer,5,1070.75,NO_TIENE
301,Monitor Dell,5,28.72,cliente@gmail.com
302,Laptop HP,3,1863.45,cliente@gmail.com
303,Laptop HP,1,1333.56,cliente@gmail.com
304,Teclado Razer,0,1774.06,NO_TIENE
305,,1,1681.73,NO_TIENE
306,Monitor Dell,5,521.39,ventas@hotmail.com
307,,1,420.52,NO_TIENE
308,Teclado Razer,1,966.19,ventas@hotmail.com
309,Monitor Dell,-2,1818.57,NO_TIENE
310,Teclado Razer,2,669.07,correo_sin_arroba.com
311,Teclado Razer,3,1885.91,ventas@hotmail.com
312,Monitor Dell,2,881.7,cliente@gmail.com
313,Laptop HP,3,1413.19,NO_TIENE
314,,1,686.21,
315,Teclado Razer,0,547.55,ventas@hotmail.com
316,Teclado Razer,1,1247.71,
317,Teclado Razer,-2,1622.19,correo_sin_arroba.com
318,Monitor Dell,1,1108.53,
319,,0,1044.3,ventas@hotmail.com
320,Teclado Razer,0,1393.9,NO_TIENE
321,Mouse Logitech,-2,179.29,correo_sin_arroba.com
322,Laptop HP,0,687.36,ventas@hotmail.com
323,Monitor Dell,2,1430.14,ventas@hotmail.com
324,Mouse Logitech,-2,468.44,cliente@gmail.com
325,Teclado Razer,1,1357.03,NO_TIENE
326,Laptop HP,1,979.29,correo_sin_arroba.com
327,Monitor Dell,3,202.27,ventas@hotmail.com
328,Monitor Dell,-2,1574.56,
329,Mouse Logitech,1,-63.8,NO_TIENE
330,Teclado Razer,1,904.6,correo_sin_arroba.com
331,,0,1868.17,
332,Monitor Dell,3,1972.81,correo_sin_arroba.com
333,Monitor Dell,1,-0.14,
334,,-2,1095.22,ventas@hotmail.com
335,Laptop HP,1,539.63,ventas@hotmail.com
336,Laptop HP,1,1419.36,correo_sin_arroba.com
337,Mouse Logitech,5,1139.09,NO_TIENE
338,Mouse Logitech,1,455.31,
339,Laptop HP,2,98.23,correo_sin_arroba.com
340,Laptop HP,0,1722.31,correo_sin_arroba.com
341,Monitor Dell,1,1557.51,ventas@hotmail.com
342,Mouse Logitech,1,398.69,cliente@gmail.com
343,Mouse Logitech,3,816.14,cliente@gmail.com
344,Laptop HP,-2,1255.57,cliente@gmail.com
345,Mouse Logitech,-2,925.88,correo_sin_arroba.com
346,Teclado Razer,5,222.74,NO_TIENE
347,Laptop HP,3,1262.81,NO_TIENE
348,Monitor Dell,1,349.22,
349,,0,726.8,correo_sin_arroba.com
350,Monitor Dell,-2,284.76,NO_TIENE
351,,1,1985.1,correo_sin_arroba.com
352,Teclado Razer,5,645.23,NO_TIENE
353,Teclado Razer,2,1699.29,NO_TIENE
354,Teclado Razer,1,1099.86,
355,Laptop HP,5,1349.31,cliente@gmail.com
356,Laptop HP,5,48.9,correo_sin_arroba.com
357,Monitor Dell,1,814.81,
358,Laptop HP,3,1559.43,cliente@gmail.com
359,,-2,951.62,NO_TIENE
360,Mouse Logitech,1,707.22,NO_TIENE
361,Monitor Dell,-2,958.53,ventas@hotmail.com
362,Teclado Razer,5,727.34,cliente@gmail.com
363,Mouse Logitech,3,597.39,correo_sin_arroba.com
364,Monitor Dell,2,928.76,NO_TIENE
365,,5,693.96,cliente@gmail.com
366,,2,1202.92,correo_sin_arroba.com
367,Teclado Razer,2,482.36,ventas@hotmail.com
368,,1,1544.97,cliente@gmail.com
369,Monitor Dell,-2,1792.61,ventas@hotmail.com
370,Laptop HP,2,438.66,
371,Laptop HP,5,789.67,correo_sin_arroba.com
372,Mouse Logitech,3,508.16,ventas@hotmail.com
373,Mouse Logitech,1,1910.36,NO_TIENE
374,Laptop HP,3,329.14,correo_sin_arroba.com
375,Mouse Logitech,3,232.69,
376,,1,1960.4,ventas@hotmail.com
377,Mouse Logitech,2,200.34,correo_sin_arroba.com
378,Monitor Dell,2,662.93,ventas@hotmail.com
379,,1,252.6,ventas@hotmail.com
380,Laptop HP,-2,504.84,NO_TIENE
381,Mouse Logitech,1,751.16,
382,,5,854.31,NO_TIENE
383,Laptop HP,1,1322.41,cliente@gmail.com
384,Monitor Dell,1,1207.18,
385,Teclado Razer,1,508.56,ventas@hotmail.com
386,,5,493.93,cliente@gmail.com
387,Mouse Logitech,2,480.97,correo_sin_arroba.com
388,Monitor Dell,3,777.65,NO_TIENE
389,Monitor Dell,3,964.3,correo_sin_arroba.com
390,Teclado Razer,3,1502.35,cliente@gmail.com
391,,5,764.42,
392,Laptop HP,0,710.35,correo_sin_arroba.com
393,Mouse Logitech,0,1671.47,correo_sin_arroba.com
394,Teclado Razer,1,1683.88,cliente@gmail.com
395,Monitor Dell,2,1598.55,
396,Laptop HP,5,443.7,ventas@hotmail.com
397,Monitor Dell,3,62.01,ventas@hotmail.com
398,,5,1565.16,cliente@gmail.com
399,Mouse Logitech,3,1456.22,correo_sin_arroba.com
400,Monitor Dell,3,1196.87,ventas@hotmail.com
401,Laptop HP,0,1064.06,
402,Laptop HP,-2,846.73,
403,Laptop HP,3,1236.27,correo_sin_arroba.com
404,Mouse Logitech,-2,691.59,NO_TIENE
405,Laptop HP,-2,1445.89,correo_sin_arroba.com
406,Mouse Logitech,2,399.8,NO_TIENE
407,,5,1735.53,correo_sin_arroba.com
408,,5,550.68,cliente@gmail.com
409,,2,112.13,NO_TIENE
410,,-2,637.11,ventas@hotmail.com
411,Teclado Razer,0,1488.99,
412,,1,1136.15,correo_sin_arroba.com
413,Teclado Razer,2,1666.2,ventas@hotmail.com
414,,0,756.08,NO_TIENE
415,Monitor Dell,-2,1121.57,correo_sin_arroba.com
416,,-2,586.48,correo_sin_arroba.com
417,Mouse Logitech,1,665.8,correo_sin_arroba.com
418,Monitor Dell,5,1967.84,NO_TIENE
419,Mouse Logitech,-2,121.87,cliente@gmail.com
420,Mouse Logitech,1,881.83,cliente@gmail.com
421,Monitor Dell,2,229.25,
422,Monitor Dell,1,572.09,NO_TIENE
423,,1,769.01,
424,Laptop HP,5,1468.22,correo_sin_arroba.com
425,Mouse Logitech,2,832.31,cliente@gmail.com
426,,5,723.57,NO_TIENE
427,,2,1514.72,ventas@hotmail.com
428,Teclado Razer,-2,932.59,correo_sin_arroba.com
429,Monitor Dell,5,1178.04,NO_TIENE
430,Mouse Logitech,5,-86.43,correo_sin_arroba.com
431,Teclado Razer,0,871.31,correo_sin_arroba.com
432,Teclado Razer,0,615.17,cliente@gmail.com
433,Mouse Logitech,-2,1627.61,
434,Teclado Razer,3,555.89,ventas@hotmail.com
435,,3,32.18,NO_TIENE
436,Teclado Razer,2,394.38,NO_TIENE
437,,5,17.99,correo_sin_arroba.com
438,Laptop HP,2,1766.16,
439,,5,1289.22,
440,Monitor Dell,-2,1601.65,
441,,1,1510.6,
442,Laptop HP,3,1757.68,ventas@hotmail.com
443,Mouse Logitech,3,1312.1,NO_TIENE
444,,1,588.5,ventas@hotmail.com
445,Monitor Dell,5,1561.05,correo_sin_arroba.com
446,Monitor Dell,0,1352.09,correo_sin_arroba.com
447,,1,713.19,cliente@gmail.com
448,Laptop HP,2,1082.45,NO_TIENE
449,Mouse Logitech,3,1091.63,
450,Mouse Logitech,2,520.16,
451,Teclado Razer,1,1344.27,cliente@gmail.com
452,Teclado Razer,1,1774.95,NO_TIENE
453,Monitor Dell,5,-52.95,cliente@gmail.com
454,Mouse Logitech,5,1290.63,correo_sin_arroba.com
455,Laptop HP,-2,1121.18,
456,Monitor Dell,0,606.52,correo_sin_arroba.com
457,Laptop HP,0,1304.25,
458,Teclado Razer,3,1858.04,correo_sin_arroba.com
459,Laptop HP,2,256.18,cliente@gmail.com
460,,5,102.86,correo_sin_arroba.com
461,Monitor Dell,3,1398.42,cliente@gmail.com
462,Teclado Razer,1,1392.82,cliente@gmail.com
463,Monitor Dell,2,708.83,ventas@hotmail.com
464,Laptop HP,5,863.01,NO_TIENE
465,,0,740.98,cliente@gmail.com
466,Monitor Dell,3,121.29,correo_sin_arroba.com
467,Monitor Dell,0,449.27,
468,,5,514.59,ventas@hotmail.com
469,Mouse Logitech,5,1395.71,correo_sin_arroba.com
470,Laptop HP,1,1847.05,
471,Laptop HP,2,1452.92,cliente@gmail.com
472,Laptop HP,1,1811.86,
473,Laptop HP,5,728.16,cliente@gmail.com
474,Mouse Logitech,5,1491.92,cliente@gmail.com
475,Mouse Logitech,1,1880.07,cliente@gmail.com
476,Mouse Logitech,3,1153.69,
477,Laptop HP,0,1961.18,NO_TIENE
478,Monitor Dell,-2,1401.95,correo_sin_arroba.com
479,Monitor Dell,1,1185.32,ventas@hotmail.com
480,Monitor Dell,-2,1023.26,
481,Monitor Dell,2,588.02,ventas@hotmail.com
482,,3,557.72,correo_sin_arroba.com
483,Laptop HP,3,98.83,correo_sin_arroba.com
484,,1,566.04,cliente@gmail.com
485,Monitor Dell,1,1355.64,
486,Mouse Logitech,1,310.32,
487,Monitor Dell,5,898.02,NO_TIENE
488,Laptop HP,1,60.03,cliente@gmail.com
489,Monitor Dell,1,620.81,cliente@gmail.com
490,Monitor Dell,1,483.33,ventas@hotmail.com
491,Laptop HP,2,334.71,
492,Monitor Dell,2,435.05,ventas@hotmail.com
493,Monitor Dell,1,1894.33,
494,Teclado Razer,2,42.66,cliente@gmail.com
495,Monitor Dell,0,1873.45,cliente@gmail.com
496,Teclado Razer,2,82.31,ventas@hotmail.com
497,,2,1824.51,correo_sin_arroba.com
498,Mouse Logitech,3,454.22,NO_TIENE
499,Teclado Razer,1,-39.37,correo_sin_arroba.com
500,Laptop HP,1,1243.75,ventas@hotmail.com
501,Monitor Dell,-2,149.89,cliente@gmail.com
502,Monitor Dell,2,11.08,ventas@hotmail.com
503,,5,1538.46,
504,Mouse Logitech,3,743.86,cliente@gmail.com
505,Monitor Dell,2,725.79,correo_sin_arroba.com
506,Laptop HP,-2,735.52,ventas@hotmail.com
507,,1,38.2,NO_TIENE
508,Mouse Logitech,2,235.24,NO_TIENE
509,Monitor Dell,1,1450.99,cliente@gmail.com
510,Mouse Logitech,0,1752.61,cliente@gmail.com
511,Laptop HP,1,274.62,NO_TIENE
512,Teclado Razer,3,911.69,correo_sin_arroba.com
513,Monitor Dell,1,1298.76,
514,Monitor Dell,3,1234.54,ventas@hotmail.com
515,Monitor Dell,0,132.15,cliente@gmail.com
516,Mouse Logitech,3,1657.74,NO_TIENE
517,,5,993.73,
518,,3,-85.87,NO_TIENE
519,Mouse Logitech,3,127.56,NO_TIENE
520,Laptop HP,-2,625.69,cliente@gmail.com
521,Laptop HP,3,321.55,
522,Mouse Logitech,1,1004.47,NO_TIENE
523,,5,73.5,
524,Laptop HP,2,944.78,correo_sin_arroba.com
525,Laptop HP,5,366.86,
526,Laptop HP,5,1215.82,NO_TIENE
527,Teclado Razer,1,1116.53,ventas@hotmail.com
528,,5,156.49,correo_sin_arroba.com
529,Teclado Razer,5,-36.41,NO_TIENE
530,Monitor Dell,-2,1508.3,correo_sin_arroba.com
531,Teclado Razer,5,577.9,ventas@hotmail.com
532,Teclado Razer,0,1890.19,ventas@hotmail.com
533,Teclado Razer,0,1202.38,correo_sin_arroba.com
534,,1,1736.45,
535,Teclado Razer,5,872.3,cliente@gmail.com
536,Laptop HP,0,124.87,ventas@hotmail.com
537,,0,379.41,NO_TIENE
538,Teclado Razer,-2,1442.39,NO_TIENE
539,Monitor Dell,2,-60.34,ventas@hotmail.com
540,Monitor Dell,1,1302.2,cliente@gmail.com
541,Laptop HP,3,1853.11,correo_sin_arroba.com
542,,3,1512.82,ventas@hotmail.com
543,Monitor Dell,3,1576.92,
544,,5,1174.24,ventas@hotmail.com
545,Teclado Razer,-2,987.82,cliente@gmail.com
546,,1,1590.26,correo_sin_arroba.com
547,Monitor Dell,2,326.79,
548,Teclado Razer,1,1364.54,
549,Laptop HP,1,380.57,cliente@gmail.com
550,,5,1505.14,correo_sin_arroba.com
551,,3,1770.32,cliente@gmail.com
552,Monitor Dell,5,354.95,NO_TIENE
553,Teclado Razer,5,1604.54,cliente@gmail.com
554,Mouse Logitech,1,1661.54,
555,Teclado Razer,0,226.52,ventas@hotmail.com
556,Laptop HP,-2,1185.18,correo_sin_arroba.com
557,,2,289.51,correo_sin_arroba.com
558,Laptop HP,1,509.41,correo_sin_arroba.com
559,Teclado Razer,1,1970.44,cliente@gmail.com
560,Laptop HP,-2,936.53,ventas@hotmail.com
561,Mouse Logitech,1,600.96,cliente@gmail.com
562,Teclado Razer,3,1119.82,correo_sin_arroba.com
563,Mouse Logitech,3,1752.71,
564,Laptop HP,0,665.5,
565,Teclado Razer,3,1831.61,
566,,0,1777.67,
567,Teclado Razer,1,1552.22,correo_sin_arroba.com
568,Teclado Razer,3,1821.36,
569,Teclado Razer,1,1490.02,NO_TIENE
570,Teclado Razer,5,678.38,ventas@hotmail.com
571,Laptop HP,2,1740.99,
572,,-2,-59.98,cliente@gmail.com
573,Teclado Razer,1,474.08,NO_TIENE
574,Laptop HP,1,1895.26,ventas@hotmail.com
575,Mouse Logitech,1,449.42,
576,Teclado Razer,-2,1701.25,cliente@gmail.com
577,Mouse Logitech,1,163.51,cliente@gmail.com
578,Laptop HP,5,1978.56,correo_sin_arroba.com
579,Teclado Razer,5,1744.69,correo_sin_arroba.com
580,Teclado Razer,3,995.47,correo_sin_arroba.com
581,Laptop HP,5,619.77,cliente@gmail.com
582,Mouse Logitech,1,567.28,correo_sin_arroba.com
583,,5,397.58,
584,Laptop HP,3,1733.69,correo_sin_arroba.com
585,Mouse Logitech,1,1033.21,NO_TIENE
586,Laptop HP,0,1869.22,
587,Teclado Razer,5,1004.73,cliente@gmail.com
588,Mouse Logitech,1,425.75,
589,Monitor Dell,5,1975.96,NO_TIENE
590,Mouse Logitech,1,539.68,
591,Laptop HP,5,1663.71,NO_TIENE
592,Teclado Razer,5,1932.8,ventas@hotmail.com
593,Laptop HP,1,916.24,
594,,5,465.71,
595,Monitor Dell,5,733.33,correo_sin_arroba.com
596,Laptop HP,3,-90.68,ventas@hotmail.com
597,Mouse Logitech,-2,1511.73,ventas@hotmail.com
598,Mouse Logitech,-2,1498.64,correo_sin_arroba.com
599,Monitor Dell,1,-40.28,cliente@gmail.com
600,Teclado Razer,0,1482.62,ventas@hotmail.com
601,Mouse Logitech,5,471.4,
602,Laptop HP,1,961.31,ventas@hotmail.com
603,,0,1463.73,
604,,1,935.77,NO_TIENE
605,Monitor Dell,5,185.82,cliente@gmail.com
606,Teclado Razer,2,1045.68,
607,Monitor Dell,1,1103.64,ventas@hotmail.com
608,Teclado Razer,2,1754.52,NO_TIENE
609,,3,1019.08,NO_TIENE
610,Mouse Logitech,1,1223.63,NO_TIENE
611,Teclado Razer,5,178.42,NO_TIENE
612,Laptop HP,1,1731.31,correo_sin_arroba.com
613,Laptop HP,2,1935.37,
614,Teclado Razer,2,1264.13,NO_TIENE
615,Laptop HP,0,244.88,NO_TIENE
616,,2,1850.28,cliente@gmail.com
617,,1,543.83,ventas@hotmail.com
618,Monitor Dell,3,-35.68,ventas@hotmail.com
619,Laptop HP,5,587.07,correo_sin_arroba.com
620,Laptop HP,5,542.85,NO_TIENE
621,Laptop HP,1,1450.07,NO_TIENE
622,,1,347.77,
623,Teclado Razer,3,1260.55,correo_sin_arroba.com
624,Mouse Logitech,1,798.65,NO_TIENE
625,Teclado Razer,-2,1801.53,
626,,1,1903.88,ventas@hotmail.com
627,Monitor Dell,3,905.04,ventas@hotmail.com
628,Monitor Dell,0,701.47,
629,Monitor Dell,1,687.56,cliente@gmail.com
630,Mouse Logitech,-2,1056.73,correo_sin_arroba.com
631,,5,1581.36,
632,Monitor Dell,3,794.42,ventas@hotmail.com
633,,1,760.6,
634,Monitor Dell,1,1489.13,NO_TIENE
635,Laptop HP,3,1822.92,
636,Monitor Dell,3,757.07,correo_sin_arroba.com
637,Laptop HP,1,820.16,NO_TIENE
638,Mouse Logitech,5,1760.35,cliente@gmail.com
639,Teclado Razer,1,1273.63,
640,Monitor Dell,3,1301.34,NO_TIENE
641,Monitor Dell,0,89.61,NO_TIENE
642,Teclado Razer,-2,1902.61,cliente@gmail.com
643,,2,844.47,NO_TIENE
644,Monitor Dell,1,1614.28,
645,Teclado Razer,0,1692.97,cliente@gmail.com
646,Teclado Razer,-2,1017.93,cliente@gmail.com
647,,3,668.89,cliente@gmail.com
648,Teclado Razer,2,505.38,correo_sin_arroba.com
649,,5,1320.23,cliente@gmail.com
650,,1,1181.18,correo_sin_arroba.com
651,Monitor Dell,5,1856.79,ventas@hotmail.com
652,Mouse Logitech,-2,330.16,cliente@gmail.com
653,Teclado Razer,2,143.62,correo_sin_arroba.com
654,,5,1118.62,correo_sin_arroba.com
655,Teclado Razer,0,1681.35,
656,Teclado Razer,1,793.77,cliente@gmail.com
657,Mouse Logitech,1,43.61,
658,,1,1383.71,
659,Laptop HP,-2,1464.19,ventas@hotmail.com
660,Laptop HP,3,1102.94,NO_TIENE
661,Monitor Dell,2,190.66,correo_sin_arroba.com
662,Mouse Logitech,-2,1175.37,NO_TIENE
663,Monitor Dell,1,1572.56,NO_TIENE
664,Mouse Logitech,2,1668.71,correo_sin_arroba.com
665,Monitor Dell,1,1256.25,cliente@gmail.com
666,Teclado Razer,5,1210.81,NO_TIENE
667,Teclado Razer,5,959.35,NO_TIENE
668,Teclado Razer,2,1695.44,ventas@hotmail.com
669,Teclado Razer,1,-4.79,correo_sin_arroba.com
670,Teclado Razer,5,846.16,NO_TIENE
671,Monitor Dell,2,319.04,NO_TIENE
672,,0,121.84,correo_sin_arroba.com
673,,5,616.88,NO_TIENE
674,Laptop HP,3,1603.25,NO_TIENE
675,Monitor Dell,1,1609.37,cliente@gmail.com
676,,5,1163.74,NO_TIENE
677,Monitor Dell,-2,1218.59,ventas@hotmail.com
678,,1,64.24,NO_TIENE
679,Mouse Logitech,-2,-58.94,NO_TIENE
680,Laptop HP,3,1856.81,NO_TIENE
681,Teclado Razer,-2,58.93,ventas@hotmail.com
682,Monitor Dell,2,1736.37,cliente@gmail.com
683,,1,362.78,cliente@gmail.com
684,Laptop HP,1,602.58,
685,,1,480.84,cliente@gmail.com
686,Teclado Razer,0,1027.29,
687,Monitor Dell,3,1541.49,ventas@hotmail.com
688,Monitor Dell,2,287.43,correo_sin_arroba.com
689,Monitor Dell,1,394.19,correo_sin_arroba.com
690,Mouse Logitech,1,1859.28,cliente@gmail.com
691,,1,1657.01,ventas@hotmail.com
692,,-2,902.34,
693,Teclado Razer,-2,1803.86,cliente@gmail.com
694,Teclado Razer,-2,1599.3,NO_TIENE
695,Teclado Razer,-2,1205.75,ventas@hotmail.com
696,Teclado Razer,2,187.03,ventas@hotmail.com
697,Monitor Dell,5,1997.35,correo_sin_arroba.com
698,Monitor Dell,5,1139.5,NO_TIENE
699,Monitor Dell,2,-72.4,cliente@gmail.com
700,Monitor Dell,1,1014.66,ventas@hotmail.com
701,Monitor Dell,5,1995.95,ventas@hotmail.com
702,Teclado Razer,5,1912.28,ventas@hotmail.com
703,Monitor Dell,1,552.31,cliente@gmail.com
704,Monitor Dell,5,146.31,correo_sin_arroba.com
705,Laptop HP,-2,1875.74,correo_sin_arroba.com
706,Laptop HP,0,1899.69,NO_TIENE
707,Teclado Razer,1,1044.6,
708,Monitor Dell,5,706.98,cliente@gmail.com
709,,1,1778.78,
710,,3,673.25,NO_TIENE
711,Mouse Logitech,0,584.26,cliente@gmail.com
712,Monitor Dell,2,247.19,cliente@gmail.com
713,Monitor Dell,1,575.85,
714,,-2,1114.0,cliente@gmail.com
715,Monitor Dell,1,1383.48,NO_TIENE
716,,0,1442.76,cliente@gmail.com
717,Teclado Razer,0,104.54,cliente@gmail.com
718,Monitor Dell,-2,51.14,ventas@hotmail.com
719,Mouse Logitech,3,390.47,
720,Laptop HP,1,1268.46,ventas@hotmail.com
721,Monitor Dell,-2,1781.82,NO_TIENE
722,Mouse Logitech,5,531.56,correo_sin_arroba.com
723,Mouse Logitech,-2,569.73,correo_sin_arroba.com
724,Teclado Razer,1,564.9,correo_sin_arroba.com
725,Mouse Logitech,3,928.26,NO_TIENE
726,Mouse Logitech,3,1760.29,
727,Laptop HP,-2,849.36,correo_sin_arroba.com
728,Laptop HP,-2,54.57,correo_sin_arroba.com
729,Teclado Razer,1,1879.64,correo_sin_arroba.com
730,,3,808.96,correo_sin_arroba.com
731,Mouse Logitech,1,88.13,
732,Teclado Razer,-2,1095.5,
733,Laptop HP,2,675.65,correo_sin_arroba.com
734,Monitor Dell,3,182.78,cliente@gmail.com
735,Laptop HP,-2,507.08,
736,Mouse Logitech,1,1241.72,
737,Teclado Razer,0,326.59,cliente@gmail.com
738,Laptop HP,1,1282.84,correo_sin_arroba.com
739,,2,67.08,correo_sin_arroba.com
740,Laptop HP,-2,810.92,
741,Teclado Razer,3,1333.62,ventas@hotmail.com
742,Teclado Razer,1,257.76,
743,Laptop HP,2,193.71,
744,Laptop HP,0,311.83,correo_sin_arroba.com
745,,5,208.4,
746,Laptop HP,2,107.23,ventas@hotmail.com
747,Teclado Razer,1,1454.97,correo_sin_arroba.com
748,,3,1801.09,cliente@gmail.com
749,Mouse Logitech,3,1129.22,correo_sin_arroba.com
750,Monitor Dell,1,-11.54,ventas@hotmail.com
751,,3,1833.83,NO_TIENE
752,Monitor Dell,1,815.01,cliente@gmail.com
753,,0,1760.34,
754,Teclado Razer,1,1062.59,ventas@hotmail.com
755,Laptop HP,0,1061.21,ventas@hotmail.com
756,,1,420.26,cliente@gmail.com
757,,5,1478.67,NO_TIENE
758,,1,1195.05,NO_TIENE
759,Laptop HP,-2,241.07,
760,Mouse Logitech,0,1272.55,NO_TIENE
761,,2,10.3,correo_sin_arroba.com
762,Teclado Razer,-2,258.76,
763,Teclado Razer,1,419.52,cliente@gmail.com
764,Mouse Logitech,-2,173.38,ventas@hotmail.com
765,Teclado Razer,-2,1953.93,cliente@gmail.com
766,Teclado Razer,1,1067.13,
767,Teclado Razer,2,824.17,ventas@hotmail.com
768,Mouse Logitech,5,38.66,
769,,1,273.34,ventas@hotmail.com
770,Monitor Dell,5,338.94,cliente@gmail.com
771,Teclado Razer,0,1168.93,correo_sin_arroba.com
772,Mouse Logitech,1,731.19,
773,,1,183.5,correo_sin_arroba.com
774,Teclado Razer,3,525.53,cliente@gmail.com
775,Mouse Logitech,1,1109.23,cliente@gmail.com
776,,5,1920.24,cliente@gmail.com
777,,3,314.13,cliente@gmail.com
778,Laptop HP,-2,901.79,NO_TIENE
779,Monitor Dell,1,1842.55,cliente@gmail.com
780,Laptop HP,1,1957.31,cliente@gmail.com
781,Monitor Dell,3,1938.93,ventas@hotmail.com
782,Mouse Logitech,0,958.8,NO_TIENE
783,Teclado Razer,0,69.43,
784,Teclado Razer,2,101.62,cliente@gmail.com
785,Laptop HP,5,669.88,
786,Mouse Logitech,1,1631.13,ventas@hotmail.com
787,,0,1484.23,NO_TIENE
788,Teclado Razer,1,509.97,correo_sin_arroba.com
789,Laptop HP,0,1919.93,correo_sin_arroba.com
790,Monitor Dell,2,867.31,ventas@hotmail.com
791,Mouse Logitech,1,519.24,
792,Mouse Logitech,5,820.74,NO_TIENE
793,Teclado Razer,1,930.01,ventas@hotmail.com
794,Monitor Dell,-2,1572.87,ventas@hotmail.com
795,,1,1557.3,
796,Mouse Logitech,-2,402.2,ventas@hotmail.com
797,Teclado Razer,1,858.11,
798,Laptop HP,-2,500.52,
799,,1,74.88,correo_sin_arroba.com
800,Monitor Dell,1,733.65,correo_sin_arroba.com
801,Teclado Razer,0,1973.31,ventas@hotmail.com
802,Monitor Dell,2,530.38,ventas@hotmail.com
803,Laptop HP,5,947.38,
804,Monitor Dell,1,70.52,
805,Teclado Razer,2,1528.18,correo_sin_arroba.com
806,,1,1658.41,cliente@gmail.com
807,,1,471.44,correo_sin_arroba.com
808,Mouse Logitech,1,1306.29,correo_sin_arroba.com
809,Teclado Razer,2,772.49,cliente@gmail.com
810,Teclado Razer,5,1556.67,
811,Mouse Logitech,1,123.51,ventas@hotmail.com
812,Monitor Dell,2,1190.86,correo_sin_arroba.com
813,Mouse Logitech,5,-39.1,cliente@gmail.com
814,Monitor Dell,0,1001.05,
815,Mouse Logitech,2,455.13,
816,Mouse Logitech,1,1522.45,
817,Teclado Razer,0,1169.23,correo_sin_arroba.com
818,Mouse Logitech,2,1493.28,cliente@gmail.com
819,Mouse Logitech,3,1775.43,cliente@gmail.com
820,Mouse Logitech,2,1748.92,cliente@gmail.com
821,Monitor Dell,1,558.21,correo_sin_arroba.com
822,Mouse Logitech,1,1984.15,correo_sin_arroba.com
823,Mouse Logitech,1,1624.89,NO_TIENE
824,Teclado Razer,3,1987.85,NO_TIENE
825,Laptop HP,1,1447.57,
826,Teclado Razer,5,1054.85,
827,Teclado Razer,0,293.39,cliente@gmail.com
828,,1,-48.15,correo_sin_arroba.com
829,,1,1098.19,ventas@hotmail.com
830,,-2,1089.78,ventas@hotmail.com
831,Laptop HP,3,756.53,
832,Mouse Logitech,0,1944.51,NO_TIENE
833,,2,258.03,correo_sin_arroba.com
834,Mouse Logitech,3,-87.21,NO_TIENE
835,Teclado Razer,1,-81.11,ventas@hotmail.com
836,Laptop HP,0,142.51,ventas@hotmail.com
837,Laptop HP,1,70.01,cliente@gmail.com
838,,-2,160.86,cliente@gmail.com
839,,1,1521.66,ventas@hotmail.com
840,Monitor Dell,0,39.01,
841,Mouse Logitech,0,1132.0,ventas@hotmail.com
842,Monitor Dell,3,429.77,cliente@gmail.com
843,Mouse Logitech,1,46.73,
844,Mouse Logitech,2,856.55,cliente@gmail.com
845,Teclado Razer,3,1358.26,cliente@gmail.com
846,Monitor Dell,5,548.71,ventas@hotmail.com
847,Mouse Logitech,5,985.78,correo_sin_arroba.com
848,Monitor Dell,1,1907.96,
849,,2,587.9,cliente@gmail.com
850,Teclado Razer,1,1697.54,
851,Monitor Dell,0,1436.28,cliente@gmail.com
852,Laptop HP,0,1052.26,NO_TIENE
853,Monitor Dell,0,-53.21,NO_TIENE
854,Mouse Logitech,3,222.61,cliente@gmail.com
855,,3,605.29,correo_sin_arroba.com
856,,3,640.59,
857,,3,340.65,ventas@hotmail.com
858,,1,1270.7,NO_TIENE
859,,-2,1160.08,cliente@gmail.com
860,,-2,802.69,ventas@hotmail.com
861,,5,204.03,ventas@hotmail.com
862,,-2,664.87,
863,Laptop HP,2,570.93,ventas@hotmail.com
864,Laptop HP,-2,217.84,cliente@gmail.com
865,,0,636.76,correo_sin_arroba.com
866,Mouse Logitech,1,230.78,
867,,1,1469.26,correo_sin_arroba.com
868,Monitor Dell,2,63.75,NO_TIENE
869,Teclado Razer,0,723.7,NO_TIENE
870,Monitor Dell,2,1515.59,NO_TIENE
871,Teclado Razer,0,372.98,ventas@hotmail.com
872,Monitor Dell,-2,461.31,correo_sin_arroba.com
873,Teclado Razer,2,1346.37,
874,Teclado Razer,1,1769.31,ventas@hotmail.com
875,,-2,1455.61,correo_sin_arroba.com
876,Laptop HP,3,828.11,cliente@gmail.com
877,Laptop HP,1,143.87,NO_TIENE
878,Laptop HP,3,678.21,correo_sin_arroba.com
879,Laptop HP,0,417.78,NO_TIENE
880,Teclado Razer,1,1228.2,correo_sin_arroba.com
881,,1,596.59,cliente@gmail.com
882,,-2,242.68,NO_TIENE
883,Monitor Dell,0,801.22,
884,Monitor Dell,1,111.72,ventas@hotmail.com
885,,2,1700.61,cliente@gmail.com
886,Teclado Razer,3,1607.48,cliente@gmail.com
887,,2,1663.38,ventas@hotmail.com
888,Monitor Dell,1,681.74,correo_sin_arroba.com
889,Teclado Razer,3,1027.33,NO_TIENE
890,Mouse Logitech,3,841.38,
891,Monitor Dell,5,1278.11,cliente@gmail.com
892,Monitor Dell,-2,1868.38,
893,Monitor Dell,3,64.68,ventas@hotmail.com
894,Teclado Razer,-2,589.2,
895,Mouse Logitech,3,1742.56,
896,Teclado Razer,1,102.65,ventas@hotmail.com
897,Teclado Razer,5,595.43,
898,Mouse Logitech,1,1727.43,ventas@hotmail.com
899,Mouse Logitech,1,1914.23,ventas@hotmail.com
900,Teclado Razer,3,1731.73,cliente@gmail.com
901,Mouse Logitech,-2,335.56,NO_TIENE
902,,-2,1159.53,ventas@hotmail.com
903,,0,691.28,ventas@hotmail.com
904,Laptop HP,0,1737.59,correo_sin_arroba.com
905,Teclado Razer,1,-32.47,NO_TIENE
906,Teclado Razer,2,48.48,NO_TIENE
907,Teclado Razer,0,1531.3,NO_TIENE
908,Mouse Logitech,-2,1071.08,ventas@hotmail.com
909,Mouse Logitech,5,587.04,cliente@gmail.com
910,,1,169.46,correo_sin_arroba.com
911,,5,1046.11,cliente@gmail.com
912,Monitor Dell,3,47.68,ventas@hotmail.com
913,Monitor Dell,5,1622.77,
914,Monitor Dell,-2,1361.1,
915,Laptop HP,0,434.39,correo_sin_arroba.com
916,Monitor Dell,-2,1582.05,cliente@gmail.com
917,,3,279.47,correo_sin_arroba.com
918,,1,580.95,correo_sin_arroba.com
919,Teclado Razer,1,1417.93,NO_TIENE
920,Laptop HP,-2,1014.27,ventas@hotmail.com
921,,1,1405.65,NO_TIENE
922,Teclado Razer,0,1421.28,correo_sin_arroba.com
923,,1,-99.5,correo_sin_arroba.com
924,Monitor Dell,2,945.73,NO_TIENE
925,Mouse Logitech,1,1741.38,ventas@hotmail.com
926,Monitor Dell,0,441.59,
927,Laptop HP,1,1629.94,
928,Monitor Dell,-2,1392.71,NO_TIENE
929,Laptop HP,1,1950.26,cliente@gmail.com
930,Monitor Dell,3,1397.62,
931,Teclado Razer,0,110.38,
932,Teclado Razer,0,120.36,cliente@gmail.com
933,Laptop HP,1,1292.8,cliente@gmail.com
934,,-2,-23.46,cliente@gmail.com
935,Monitor Dell,0,540.55,
936,Laptop HP,0,1551.32,NO_TIENE
937,Teclado Razer,2,218.3,ventas@hotmail.com
938,Laptop HP,1,340.89,ventas@hotmail.com
939,Mouse Logitech,1,608.13,ventas@hotmail.com
940,Laptop HP,5,161.82,
941,Monitor Dell,1,1943.94,cliente@gmail.com
942,Monitor Dell,3,113.94,
943,,2,598.96,correo_sin_arroba.com
944,Monitor Dell,1,778.58,NO_TIENE
945,Mouse Logitech,-2,104.87,
946,,1,488.96,cliente@gmail.com
947,Teclado Razer,1,-39.42,ventas@hotmail.com
948,Monitor Dell,-2,1512.65,correo_sin_arroba.com
949,,-2,933.37,correo_sin_arroba.com
950,Laptop HP,2,-88.13,correo_sin_arroba.com
951,Mouse Logitech,2,78.49,ventas@hotmail.com
952,Teclado Razer,3,1649.65,correo_sin_arroba.com
953,Monitor Dell,1,840.62,NO_TIENE
954,Mouse Logitech,-2,1203.97,
955,,1,258.28,cliente@gmail.com
956,,3,1103.98,correo_sin_arroba.com
957,,1,1306.27,NO_TIENE
958,Mouse Logitech,1,935.35,NO_TIENE
959,Laptop HP,-2,748.29,
960,Mouse Logitech,-2,1701.72,ventas@hotmail.com
961,Mouse Logitech,5,1375.71,cliente@gmail.com
962,Laptop HP,3,1380.27,NO_TIENE
963,Laptop HP,5,847.38,
964,Teclado Razer,3,321.82,
965,Monitor Dell,0,895.0,correo_sin_arroba.com
966,Monitor Dell,3,1648.21,ventas@hotmail.com
967,Laptop HP,-2,-29.97,NO_TIENE
968,Laptop HP,2,1888.97,cliente@gmail.com
969,Laptop HP,5,1823.88,correo_sin_arroba.com
970,Laptop HP,0,1567.84,
971,,2,733.4,correo_sin_arroba.com
972,Teclado Razer,-2,1399.87,NO_TIENE
973,Teclado Razer,-2,320.46,ventas@hotmail.com
974,,5,873.79,correo_sin_arroba.com
975,Laptop HP,2,1829.07,cliente@gmail.com
976,Monitor Dell,2,1374.65,ventas@hotmail.com
977,Laptop HP,2,650.23,NO_TIENE
978,,5,1377.07,ventas@hotmail.com
979,Laptop HP,2,1688.03,ventas@hotmail.com
980,,3,1141.98,NO_TIENE
981,Laptop HP,5,-92.58,correo_sin_arroba.com
982,Teclado Razer,0,999.49,correo_sin_arroba.com
983,,-2,1112.55,correo_sin_arroba.com
984,Laptop HP,-2,1214.18,correo_sin_arroba.com
985,Teclado Razer,0,1268.52,ventas@hotmail.com
986,Mouse Logitech,5,1523.43,ventas@hotmail.com
987,Teclado Razer,-2,152.37,NO_TIENE
988,Mouse Logitech,5,372.27,cliente@gmail.com
989,Laptop HP,1,-17.62,
990,Monitor Dell,2,988.45,NO_TIENE
991,Mouse Logitech,5,382.92,NO_TIENE
992,Monitor Dell,1,656.34,cliente@gmail.com
993,Laptop HP,1,182.74,cliente@gmail.com
994,,1,218.93,correo_sin_arroba.com
995,Teclado Razer,2,982.45,correo_sin_arroba.com
996,,0,350.21,
997,Laptop HP,3,864.03,cliente@gmail.com
998,Mouse Logitech,3,1362.62,cliente@gmail.com
999,,2,772.96,cliente@gmail.com
1000,Monitor Dell,5,-91.08,ventas@hotmail.com
